Title,Rating,Cost,Links
"10-in-1 Laptop Keyboard Cleaner Cleaning Kit, Electronics Screen Cleaner Repair Tool with 3 in 1 Earbud Cleaner Pen, Camera Lens Pen, Suit for MacBook iPad, iPhone, Cell Phone, PC Monitor with Patent",4.5,$9.59,https://www.amazon.com/Keyboard-Cleaner-Cleaning-Electronics-MacBook/dp/B0BRXZV6R2/ref=sr_1_2?c=ts&keywords=Electronics+Accessories+%26+Supplies&qid=1696975109&s=electronics&sr=1-2&ts_id=281407
"INCHOR Cord Organizer, Cable Clips Cord Holder, Cable Management USB Cable Power Wire Cord Clips, 2 Packs Cable Organizers for Car Home and Office (5, 3 Slots)",4.6,$5.24,https://www.amazon.com/Adhesive-Organizer-Management-Holder-Organizers/dp/B087TH1R6T/ref=sr_1_3?c=ts&keywords=Electronics+Accessories+%26+Supplies&qid=1696975109&s=electronics&sr=1-3&ts_id=281407
"Power Strip Surge Protector, 5Ft Extension Cord, 6 Outlets with 3 USB Ports(1 USB C Outlet), 3-Side Outlet Extender, Wall Mount, Compact for Travel, Home, School, College Dorm Room, and Office",4.8,$12.99,https://www.amazon.com/Protector-Extension-Outlets-Extender-Compact/dp/B09Y5HT6HR/ref=sr_1_4?c=ts&keywords=Electronics+Accessories+%26+Supplies&qid=1696975109&s=electronics&sr=1-4&ts_id=281407
"Crpich Acrylic Cell Phone Stand, Portable Phone Holder, Clear Phone Stand for Desk, Compatible with Phone14 13 12 Pro Max Mini 11 Xr Plus SE, Switch, Android Smartphone, Pad, Tablet, Desk Accessories",4.7,$7.19,https://www.amazon.com/Acrylic-Portable-Compatible-Smartphone-Accessories/dp/B0949DWJCV/ref=sr_1_5?c=ts&keywords=Electronics+Accessories+%26+Supplies&qid=1696975109&s=electronics&sr=1-5&ts_id=281407
AINOPE USB C Cable Type C Charger Fast Charging 6.6FT-2Pack 60W USB-C to USB-C Cable for iPad Charger Fast Charging Cord 3.1A Right Angle USB C Charger Cable Fits iPhone 15 Pro Max All USB C Port,4.6,$7.99,https://www.amazon.com/AINOPE-Charger-Charging-6-6FT-2Pack-Devices/dp/B0B7WP4T9N/ref=sr_1_6?c=ts&keywords=Electronics+Accessories+%26+Supplies&qid=1696975109&s=electronics&sr=1-6&ts_id=281407
"AnnTane Surge Protector Power Strip 10 FT Cord, Power Strip Tower with 4 USB Ports (1USB C), Extension Cord with 12 AC Multiple Outlets, Home Office Supplies Desk Accessories, Dorm Room Essentials",4.8,$20.39,https://www.amazon.com/AnnTane-Protector-Extension-Accessories-Essentials/dp/B0BXPBYJBV/ref=sr_1_7?c=ts&keywords=Electronics+Accessories+%26+Supplies&qid=1696975109&s=electronics&sr=1-7&ts_id=281407
"Car Charger 66W Super Fast Charging with USB PD&QC 3.0(Voltmeter&LED Lights) Universal Quick Charge for 12-24V Car Cigarette Lighter Plug,Compatible with iPhone 14 13 12,S22 S21 S20,iPad (BK351)",4.5,$7.19,https://www.amazon.com/Voltmeter-Universal-Cigarette-Compatible-BK351/dp/B0BQHHYCSC/ref=sr_1_8?c=ts&keywords=Electronics+Accessories+%26+Supplies&qid=1696975109&s=electronics&sr=1-8&ts_id=281407
"[2-Pack] 20W USB C Fast Charger(ETL Listed), Dual Port PD Power Delivery + 3.0 Wall Charger,Type-C Quick Charge Phone Adapter for IP Hone 12 Pro Max Mini 11 Pro Max Xs Max X 8 Plus IP ad",4.5,$8.99,https://www.amazon.com/2-Pack-Charger-Listed-Delivery-Adapter/dp/B094N5T14N/ref=sr_1_9?c=ts&keywords=Electronics+Accessories+%26+Supplies&qid=1696975109&s=electronics&sr=1-9&ts_id=281407
iPhone Charger [Apple MFi Certified] 3Pack 6FT Lightning Cable Nylon Braided iPhone Charging Cable Fast Charging iPhone Charger Cord Compatible with iPhone 14 13 12 11 Pro Max XR XS X 8 7 6 Plus SE,4.6,$9.99,https://www.amazon.com/Charger-Certified-Lightning-Charging-Compatible/dp/B0C3B89TSR/ref=sr_1_10?c=ts&keywords=Electronics+Accessories+%26+Supplies&qid=1696975109&s=electronics&sr=1-10&ts_id=281407
"FYY Travel Cable Organizer Pouch Electronic Accessories Carry Case Portable Waterproof Double Layers All-in-One Storage Bag for Cord, Charger, Phone, Earphone Black",4.5,$9.85,https://www.amazon.com/FYY-Electronic-Organizer-Accessories-Waterproof/dp/B0924H4XB9/ref=sr_1_11?c=ts&keywords=Electronics+Accessories+%26+Supplies&qid=1696975109&s=electronics&sr=1-11&ts_id=281407
"Power Strip Tower, SUPERDANNY Surge Protector Tower with 15W Magnetic Wireless Charger, 1050J, 13A Charging Station with 12 AC Outlets & 6 USB Ports, 6.5ft Extension Cord for Home Office, Gold",4.6,$34.39,https://www.amazon.comhttps://aax-us-iad.amazon.com/x/c/RB9tZfBSmx8GxZ-fzbGbiA4AAAGLG5k-VAEAAAH2AQBvbm9fdHhuX2JpZDcgICBvbm9fdHhuX2ltcDEgICAbvma3/https://www.amazon.com/SUPERDANNY-Protector-Wireless-Vertical-Extension/dp/B0814LRCKW/ref=sxin_25_sbv_search_btf?c=ts&content-id=amzn1.sym.5795aee5-71f0-4369-b632-e8c78407f2cf%3Aamzn1.sym.5795aee5-71f0-4369-b632-e8c78407f2cf&cv_ct_cx=Electronics+Accessories+%26+Supplies&keywords=Electronics+Accessories+%26+Supplies&pd_rd_i=B0814LRCKW&pd_rd_r=85c9bb48-c30e-49c1-a288-278d79d9aa63&pd_rd_w=nO4Ij&pd_rd_wg=RPCNE&pf_rd_p=5795aee5-71f0-4369-b632-e8c78407f2cf&pf_rd_r=E6GBAKDPSCQW8VNK8N8G&qid=1696975109&s=electronics&sbo=RZvfv%2F%2FHxDF%2BO5021pAnSA%3D%3D&sr=1-1-5190daf0-67e3-427c-bea6-c72c1df98776&ts_id=281407
ASICEN Multi Charging Cable 3Pack 5Ft Multi Charger Cord Braided Multi Charging Cord 3 in 1 Multi Charger Cable for IP/Type C/Micro USB Port for Cell Phones/IP/Samsung/Huawei/LG/PS/Tablets and More,4.5,$12.99,https://www.amazon.com/sspa/click?ie=UTF8&spc=MTo1NzM0NDAxMzgzMzA2NDc6MTY5Njk3NTEwOTpzcF9tdGY6MzAwMDE2MDEwMjY2NDAyOjowOjo&url=%2FASICEN-Braided-Multiple-Charging-Connector%2Fdp%2FB07QXNLJG8%2Fref%3Dsr_1_12_sspa%3Fc%3Dts%26keywords%3DElectronics%2BAccessories%2B%2526%2BSupplies%26qid%3D1696975109%26s%3Delectronics%26sr%3D1-12-spons%26ts_id%3D281407%26sp_csd%3Dd2lkZ2V0TmFtZT1zcF9tdGY%26psc%3D1
LISEN Desk Organizers and Accessories Workspace Cell Phone Stand White Height Angle Adjustable Stable Holder Sturdy Stand for 4-10in iPhone 13 Pro iPad Kindel Samsung etc,4.5,$12.99,https://www.amazon.com/Adjustable-LISEN-Friendly-Compatible-Phones-White/dp/B087982WS5/ref=sr_1_13?c=ts&keywords=Electronics+Accessories+%26+Supplies&qid=1696975109&s=electronics&sr=1-13&ts_id=281407
"Durecopow Solar Charger, 20000mAh Portable Outdoor Waterproof Solar Power Bank, Camping External Backup Battery Pack Dual 5V USB Ports Output, 2 Led Light Flashlight with Compass (Red)",4.3,$18.39,https://www.amazon.com/Durecopow-20000mAh-Portable-Waterproof-Flashlight/dp/B08LNM5HQ6/ref=sr_1_14?c=ts&keywords=Electronics+Accessories+%26+Supplies&qid=1696975109&s=electronics&sr=1-14&ts_id=281407
sawpu 3D Cartoon Charger Animal Protector Case - for Phone 20W USB-C PVC Power Adapter Charger and USB Lightning Cable (Avocado),5.0,$6.99,https://www.amazon.com/sawpu-Cartoon-Charger-Animal-Protector/dp/B0C9Q85Z8R/ref=sr_1_15?c=ts&keywords=Electronics+Accessories+%26+Supplies&qid=1696975109&s=electronics&sr=1-15&ts_id=281407
"Samsung Type C Charger Cable 3 Pack-10ft 6ft 3ft for Samsung Galaxy A14 5G,A23,A54,A13,A34,A53,A24,S23 Ultra,A03s,S22,S21 FE,Z Flip4/Fold4;Pixel 7 Pro,6a;Moto,3A Fast Charging Android Phone Power Cord",4.5,$8.99,https://www.amazon.com/Samsung-Charger-Pack-10ft-Charging-Android/dp/B0BWDVX23Y/ref=sr_1_16?c=ts&keywords=Electronics+Accessories+%26+Supplies&qid=1696975109&s=electronics&sr=1-16&ts_id=281407
"ADXCO 129 Pieces Cell Phone Cleaning Kit Camera Cleaning Kits USB Charging Port and Headphone Port Brush Set Compatible with Phone, iOS Android, Cell Phone, Electronics Cleaner",4.2,$9.99,https://www.amazon.com/sspa/click?ie=UTF8&spc=MTo1NzM0NDAxMzgzMzA2NDc6MTY5Njk3NTEwOTpzcF9tdGY6MjAwMDQ0ODYzOTM5NDYxOjowOjo&url=%2FADXCO-Cleaning-Headphone-Compatible-Electronics%2Fdp%2FB08QCR3BSY%2Fref%3Dsr_1_17_sspa%3Fc%3Dts%26keywords%3DElectronics%2BAccessories%2B%2526%2BSupplies%26qid%3D1696975109%26s%3Delectronics%26sr%3D1-17-spons%26ts_id%3D281407%26sp_csd%3Dd2lkZ2V0TmFtZT1zcF9tdGY%26psc%3D1
USB to DC Power Charging Cable with 12pcs DC Barrel Jack Universal Laptop Power Adapter Tips USB 2.0 to DC 5.5x2.1mm Plug Micro USB Type-C Connector Compatible Laptop Camera & More,4.0,$6.69,https://www.amazon.com/Charging-Universal-5-5x2-1mm-Connector-Compatible/dp/B0BXPXZMSP/ref=sr_1_18?c=ts&keywords=Electronics+Accessories+%26+Supplies&qid=1696975109&s=electronics&sr=1-18&ts_id=281407
Phone Holder Mount for Car [ Off-Road Level & Stable Hook ] Windshield Dashboard Air Vent Universal Hands-Free Automobile Mounts Cell Phone Holder Fit for iPhone Smartphones,4.4,$7.99,https://www.amazon.com/Windshield-Dashboard-Hands-Free-Automobile-Smartphones/dp/B0C3GL63DW/ref=sr_1_19?c=ts&keywords=Electronics+Accessories+%26+Supplies&qid=1696975109&s=electronics&sr=1-19&ts_id=281407
"Covozon Power Strip Surge Protector - IPX6 Waterproof, Fire-Resistance, Overload Protection, Flat Outlet Extension Cord with Multiple Outlets USB Ports, Dorm Room Home Office Essentials, FCC UL Listed",4.3,$20.78,https://www.amazon.com/sspa/click?ie=UTF8&spc=MTo1NzM0NDAxMzgzMzA2NDc6MTY5Njk3NTEwOTpzcF9idGY6MzAwMDI3NDUxMTEyMzAyOjowOjo&url=%2FCovozon-Power-Strip-Surge-Protector%2Fdp%2FB0C6G4Z1YL%2Fref%3Dsr_1_20_sspa%3Fc%3Dts%26keywords%3DElectronics%2BAccessories%2B%2526%2BSupplies%26qid%3D1696975109%26s%3Delectronics%26sr%3D1-20-spons%26ts_id%3D281407%26sp_csd%3Dd2lkZ2V0TmFtZT1zcF9idGY%26psc%3D1
"Covozon Power Strip Tower Waterproof - Surge Protector, Electric Shockproof, Overload Protection, etc. Flat Outlet Extension Cord with USB Ports, Dorm Room Home Office Essentials, FCC UL Listed",4.4,$20.78,https://www.amazon.com/sspa/click?ie=UTF8&spc=MTo1NzM0NDAxMzgzMzA2NDc6MTY5Njk3NTEwOTpzcF9idGY6MzAwMDI4ODY1MDkzMjAyOjowOjo&url=%2FCovozon-Power-Strip-Tower-Waterproof%2Fdp%2FB0CBP42FVY%2Fref%3Dsr_1_21_sspa%3Fc%3Dts%26keywords%3DElectronics%2BAccessories%2B%2526%2BSupplies%26qid%3D1696975109%26s%3Delectronics%26sr%3D1-21-spons%26ts_id%3D281407%26sp_csd%3Dd2lkZ2V0TmFtZT1zcF9idGY%26psc%3D1
"Gixxted Bluetooth Headset, Trucker Bluetooth Headset with Noise Canceling Microphone, 60 Hours Working Time Wireless on-Ear Headset for Computer Cell Phone Trucker Home Office Work (Black)",4.8,$29.99,https://www.amazon.com/sspa/click?ie=UTF8&spc=MTo1NzM0NDAxMzgzMzA2NDc6MTY5Njk3NTEwOTpzcF9idGY6MzAwMDUxNzA5MDkxMjAyOjowOjo&url=%2FGixxted-Bluetooth-Canceling-Microphone-Wireless%2Fdp%2FB0C9LZX23W%2Fref%3Dsr_1_22_sspa%3Fc%3Dts%26keywords%3DElectronics%2BAccessories%2B%2526%2BSupplies%26qid%3D1696975109%26s%3Delectronics%26sr%3D1-22-spons%26ts_id%3D281407%26sp_csd%3Dd2lkZ2V0TmFtZT1zcF9idGY%26psc%3D1
"Stetsom Bravo BASS 5000 1 Ohm Mono Subwoofer Car Audio Amplifier, 5000.1 5K Watts RMS, 1Ω Stable, Sound Quality, Crossover & Bass Boost 5000W Sub Amp, Smart Coolers",5.0,$513.99,https://www.amazon.com/sspa/click?ie=UTF8&spc=MTo0ODM2MjMwNzYyMjAyNjQ3OjE2OTY5NzUyMDg6c3BfYXRmOjMwMDA2MTU5MDAzODQwMjo6MDo6&url=%2FStetsom-Digital-Amplifier-Subwoofer-Booster%2Fdp%2FB09V9QDQCY%2Fref%3Dsr_1_1_sspa%3Fc%3Dts%26keywords%3DVehicle%2BElectronics%26qid%3D1696975208%26s%3Delectronics%26sr%3D1-1-spons%26ts_id%3D3248684011%26sp_csd%3Dd2lkZ2V0TmFtZT1zcF9hdGY%26psc%3D1
"TUNAI AutoCast Wireless Android Auto Adapter for Android Phone, Android Auto Dongle for Factory OEM Wired Android Auto Cars, Bluetooth Magic Box Plug & Play, Auto Reconnect, USB A &Type C Compatible",4.2,$47.99,https://www.amazon.com/sspa/click?ie=UTF8&spc=MTo0ODM2MjMwNzYyMjAyNjQ3OjE2OTY5NzUyMDg6c3BfYXRmOjMwMDAzMjgzODYxMDMwMjo6MDo6&url=%2FTUNAI-AutoCast-Bluetooth-Reconnect-Compatible%2Fdp%2FB0C9TRKFKT%2Fref%3Dsr_1_2_sspa%3Fc%3Dts%26keywords%3DVehicle%2BElectronics%26qid%3D1696975208%26s%3Delectronics%26sr%3D1-2-spons%26ts_id%3D3248684011%26sp_csd%3Dd2lkZ2V0TmFtZT1zcF9hdGY%26psc%3D1
"Newest Wireless Portable Car Stereo with Apple Carplay/Android Auto/Mirror Link for Car Truck RV Vehicles, Dash Mount Touchscreen Car Multimedia Player with Bluetooth & Backup Camera, Auto Connect",4.4,$79.99,https://www.amazon.com/Wireless-Portable-Touchscreen-Multimedia-Bluetooth/dp/B0CB3S8P2L/ref=sr_1_3?c=ts&keywords=Vehicle+Electronics&qid=1696975208&s=electronics&sr=1-3&ts_id=3248684011
"Double Din Car Stereo, Apple Carplay, 7‘’ 1024 * 600 Touch Screen, GPS Navigation, Bluetooth Car Radio, Mirror Link, Night Vision Backup Camera, BT Hand-Free Calling, FM Radio, USB/TF",3.6,$48.97,https://www.amazon.com/Carplay-Navigation-Bluetooth-Hand-Free-Calling/dp/B0BQZZM9TY/ref=sr_1_4?c=ts&keywords=Vehicle+Electronics&qid=1696975208&s=electronics&sr=1-4&ts_id=3248684011
"Car Heater, 12V 200W 2 in 1 Fast Heating & Cooling, Fan Coolers for Vehicles, Auto Plugs Into Cigarette Lighter, Defogger Defroster, Camping Automobile Winter Demister (Red Black)",4.0,$20.79,https://www.amazon.com/Vehicles-Cigarette-Defogger-Defroster-Automobile/dp/B0CF58G8H7/ref=sr_1_5?c=ts&keywords=Vehicle+Electronics&qid=1696975208&s=electronics&sr=1-5&ts_id=3248684011
"Solar Wireless Backup Camera with 7"" Monitor System, 1080P 6600 Rechargeable Battery Trailer Hitch Rear View Camera with 5Mins Installation, Split Screen Back Up Camera for Truck, RV (AUTO-VOX Solar4)",4.5,$199.99,https://www.amazon.com/sspa/click?ie=UTF8&spc=MTo4MzAzMDcwOTA0MDI5NjQ3OjE2OTY5NzUyMDg6c3Bfc2VhcmNoX3RoZW1hdGljOjMwMDA2NTk0NTIwMDYwMjo6MDo6&url=%2FAUTO-VOX-Wireless-Rechargeable-High-Speed-Observation%2Fdp%2FB09Z641NXZ%2Fref%3Dsxin_16_pa_sp_search_thematic_sspa%3Fc%3Dts%26content-id%3Damzn1.sym.1f0fc878-fc7f-4b03-b155-1adf15a0867f%253Aamzn1.sym.1f0fc878-fc7f-4b03-b155-1adf15a0867f%26cv_ct_cx%3DVehicle%2BElectronics%26keywords%3DVehicle%2BElectronics%26pd_rd_i%3DB09Z641NXZ%26pd_rd_r%3Df5c2fd78-cab1-488a-ba2a-9ee801616727%26pd_rd_w%3DdXY3O%26pd_rd_wg%3DR2QU0%26pf_rd_p%3D1f0fc878-fc7f-4b03-b155-1adf15a0867f%26pf_rd_r%3DW0H5A1AFF604DZV08HG2%26qid%3D1696975208%26s%3Delectronics%26sbo%3D9ZOMT9Jm0JH%252Ft%252BWi68iDSA%253D%253D%26sr%3D1-1-364cf978-ce2a-480a-9bb0-bdb96faa0f61-spons%26ts_id%3D3248684011%26sp_csd%3Dd2lkZ2V0TmFtZT1zcF9zZWFyY2hfdGhlbWF0aWM%26psc%3D1
"Pioneer DMH-2660NEX Digital Multimedia Receiver, with Apple CarPlay, Android Auto , Amazon Alexa via the Pioneer Vozsis App, Bluetooth and Backup Camera Compatibility, 6.8” Capacitive Touchscreen",4.7,$401.30,https://www.amazon.com/sspa/click?ie=UTF8&spc=MTo4MzAzMDcwOTA0MDI5NjQ3OjE2OTY5NzUyMDg6c3Bfc2VhcmNoX3RoZW1hdGljOjIwMDE4MDIwMTEyMjU5ODo6MTo6&url=%2FPioneer-DMH-2660NEX-Digital-Multimedia-Receiver%2Fdp%2FB084ZVXR17%2Fref%3Dsxin_16_pa_sp_search_thematic_sspa%3Fc%3Dts%26content-id%3Damzn1.sym.1f0fc878-fc7f-4b03-b155-1adf15a0867f%253Aamzn1.sym.1f0fc878-fc7f-4b03-b155-1adf15a0867f%26cv_ct_cx%3DVehicle%2BElectronics%26keywords%3DVehicle%2BElectronics%26pd_rd_i%3DB084ZVXR17%26pd_rd_r%3Df5c2fd78-cab1-488a-ba2a-9ee801616727%26pd_rd_w%3DdXY3O%26pd_rd_wg%3DR2QU0%26pf_rd_p%3D1f0fc878-fc7f-4b03-b155-1adf15a0867f%26pf_rd_r%3DW0H5A1AFF604DZV08HG2%26qid%3D1696975208%26s%3Delectronics%26sbo%3DRZvfv%252F%252FHxDF%252BO5021pAnSA%253D%253D%26sr%3D1-2-364cf978-ce2a-480a-9bb0-bdb96faa0f61-spons%26ts_id%3D3248684011%26sp_csd%3Dd2lkZ2V0TmFtZT1zcF9zZWFyY2hfdGhlbWF0aWM%26psc%3D1
"IMDEN Bluetooth 5.0 FM Transmitter for Car, 3.0 Wireless Bluetooth FM Radio Adapter Music Player FM Transmitter/Car Kit with Hands-Free Calling and 2 USB Ports Charger Support USB Drive",4.3,$14.24,https://www.amazon.com/sspa/click?ie=UTF8&spc=MTo4MzAzMDcwOTA0MDI5NjQ3OjE2OTY5NzUyMDg6c3Bfc2VhcmNoX3RoZW1hdGljOjIwMDA0OTQ5OTYzNTA5ODo6Mjo6&url=%2FIMDEN-bluetooth-transmitter-Wireless-Hands-Free%2Fdp%2FB07F2RTN5Z%2Fref%3Dsxin_16_pa_sp_search_thematic_sspa%3Fc%3Dts%26content-id%3Damzn1.sym.1f0fc878-fc7f-4b03-b155-1adf15a0867f%253Aamzn1.sym.1f0fc878-fc7f-4b03-b155-1adf15a0867f%26cv_ct_cx%3DVehicle%2BElectronics%26keywords%3DVehicle%2BElectronics%26pd_rd_i%3DB07F2RTN5Z%26pd_rd_r%3Df5c2fd78-cab1-488a-ba2a-9ee801616727%26pd_rd_w%3DdXY3O%26pd_rd_wg%3DR2QU0%26pf_rd_p%3D1f0fc878-fc7f-4b03-b155-1adf15a0867f%26pf_rd_r%3DW0H5A1AFF604DZV08HG2%26qid%3D1696975208%26s%3Delectronics%26sbo%3D9ZOMT9Jm0JH%252Ft%252BWi68iDSA%253D%253D%26sr%3D1-3-364cf978-ce2a-480a-9bb0-bdb96faa0f61-spons%26ts_id%3D3248684011%26sp_csd%3Dd2lkZ2V0TmFtZT1zcF9zZWFyY2hfdGhlbWF0aWM%26psc%3D1
"2023 Newest Wireless Apple Carplay&Android Auto,Portable Wireless TouchScreen Automatic Multimedia Player,Car Stereo with Mirror Link/Siri/Google Assistant/Bluetooth/Navigation Screen for All Vehicles",4.3,$87.99,https://www.amazon.com/sspa/click?ie=UTF8&spc=MTo4MzAzMDcwOTA0MDI5NjQ3OjE2OTY5NzUyMDg6c3Bfc2VhcmNoX3RoZW1hdGljOjIwMDE4MDE2NTAwMzQ5ODo6Mzo6&url=%2FTouchScreen-Automatic-Multimedia-Assistant-Navigation%2Fdp%2FB0C4Z511HJ%2Fref%3Dsxin_16_pa_sp_search_thematic_sspa%3Fc%3Dts%26content-id%3Damzn1.sym.1f0fc878-fc7f-4b03-b155-1adf15a0867f%253Aamzn1.sym.1f0fc878-fc7f-4b03-b155-1adf15a0867f%26cv_ct_cx%3DVehicle%2BElectronics%26keywords%3DVehicle%2BElectronics%26pd_rd_i%3DB0C4Z511HJ%26pd_rd_r%3Df5c2fd78-cab1-488a-ba2a-9ee801616727%26pd_rd_w%3DdXY3O%26pd_rd_wg%3DR2QU0%26pf_rd_p%3D1f0fc878-fc7f-4b03-b155-1adf15a0867f%26pf_rd_r%3DW0H5A1AFF604DZV08HG2%26qid%3D1696975208%26s%3Delectronics%26sbo%3D9ZOMT9Jm0JH%252Ft%252BWi68iDSA%253D%253D%26sr%3D1-4-364cf978-ce2a-480a-9bb0-bdb96faa0f61-spons%26ts_id%3D3248684011%26sp_csd%3Dd2lkZ2V0TmFtZT1zcF9zZWFyY2hfdGhlbWF0aWM%26psc%3D1
"Wireless Car Charger, ZEEHOO DUOXX Dual Coils 15W Fast Charging Auto-Clamping Car Mount, Dashboard, Vent Charging Phone Holder Smart Sensor Cradle for iPhone 15 14 13 12, S23 Ultra, Z Flip4 3, etc",4.5,$30.39,https://www.amazon.com/sspa/click?ie=UTF8&spc=MTo4MzAzMDcwOTA0MDI5NjQ3OjE2OTY5NzUyMDg6c3Bfc2VhcmNoX3RoZW1hdGljOjIwMDE3NTU0NjUxMDM5ODo6NDo6&url=%2FWireless-ZEEHOO-Charging-Auto-Clamping-Dashboard%2Fdp%2FB0BN81T6Q2%2Fref%3Dsxin_16_pa_sp_search_thematic_sspa%3Fc%3Dts%26content-id%3Damzn1.sym.1f0fc878-fc7f-4b03-b155-1adf15a0867f%253Aamzn1.sym.1f0fc878-fc7f-4b03-b155-1adf15a0867f%26cv_ct_cx%3DVehicle%2BElectronics%26keywords%3DVehicle%2BElectronics%26pd_rd_i%3DB0BN81T6Q2%26pd_rd_r%3Df5c2fd78-cab1-488a-ba2a-9ee801616727%26pd_rd_w%3DdXY3O%26pd_rd_wg%3DR2QU0%26pf_rd_p%3D1f0fc878-fc7f-4b03-b155-1adf15a0867f%26pf_rd_r%3DW0H5A1AFF604DZV08HG2%26qid%3D1696975208%26s%3Delectronics%26sbo%3D9ZOMT9Jm0JH%252Ft%252BWi68iDSA%253D%253D%26sr%3D1-5-364cf978-ce2a-480a-9bb0-bdb96faa0f61-spons%26ts_id%3D3248684011%26sp_csd%3Dd2lkZ2V0TmFtZT1zcF9zZWFyY2hfdGhlbWF0aWM%26psc%3D1
"[Apple MFi Certified] iPhone Fast Car Charger, Braveridge 4.8A Dual USB Power Rapid Car Charger Adapter with 2Pack Lightning Cable Quick Car Charging for iPhone 14/13/12/11/XS Max/XR/X/SE/iPad/AirPods",4.6,$11.19,https://www.amazon.com/Certified-Charger-Braveridge-Lightning-Charging/dp/B0C85PP3NX/ref=sr_1_6?c=ts&keywords=Vehicle+Electronics&qid=1696975208&s=electronics&sr=1-6&ts_id=3248684011
"[Apple MFi Certified] iPhone Fast Car Charger, Rombica 4.8A Dual USB Smart Power Car Rapid Charger Adapter + 2Pack Lightning Braided Cable Quick Car Charge for iPhone 14 13 12 11 Pro/XS/XR/SE/X 8/iPad",4.6,$7.99,https://www.amazon.com/Certified-Charger-Rombica-Adapter-Lightning/dp/B0C8N6D2XR/ref=sr_1_7?c=ts&keywords=Vehicle+Electronics&qid=1696975208&s=electronics&sr=1-7&ts_id=3248684011
"7"" HD Double Din Car Stereo,Portable Wireless Touch Screen Apple CarPlay and Android Auto Automatic Multimedia Player,Car Stereo with Mirror Link/Siri/Bluetooth/Navigation Screen for All Vehicles.",4.2,$79.89,https://www.amazon.com/Automatic-Multimedia-Bluetooth-Navigation-Vehicles/dp/B0B421845R/ref=sr_1_8?c=ts&keywords=Vehicle+Electronics&qid=1696975208&s=electronics&sr=1-8&ts_id=3248684011
"Westods Upgraded 10.26"" Wireless Carplay Screen & Android Auto with 2.5K Dash Cam, 1080P Backup Camera, GPS Navigation, HD IPS Display, Adjustable, Detachable, Bluetooth, MirrorCast, Car Stereo, Radio",4.1,$159.99,https://www.amazon.com/Westods-Wireless-Navigation-Adjustable-Detachable/dp/B0BW8S2QJK/ref=sr_1_9?c=ts&keywords=Vehicle+Electronics&qid=1696975208&s=electronics&sr=1-9&ts_id=3248684011
"Wireless Car Charger,15W Fast Charging, Phone Holder Mount, Auto Clamping, Phone Mount Phone Holder for iPhone 14 13 12 11, Samsung Galaxy S23+ S22, etc",3.8,$19.99,https://www.amazon.com/Wireless-Car-Charger-Charging-Clamping/dp/B0BWRKNF2Y/ref=sr_1_10?c=ts&keywords=Vehicle+Electronics&qid=1696975208&s=electronics&sr=1-10&ts_id=3248684011
"2023 New Radar Detector for Cars with Voice Speed Prompt,360 ° Detection，Vehicle Speed Alarm System, Led Display, City/Highway Mode, Gifts for Husbands,Boyfriends",4.2,$23.99,https://www.amazon.com/Detector-Detection%EF%BC%8CVehicle-Display-Husbands-Boyfriends/dp/B0CFFKF95H/ref=sr_1_11?c=ts&keywords=Vehicle+Electronics&qid=1696975208&s=electronics&sr=1-11&ts_id=3248684011
Double Din Stereo Car Audio Receiver - Corehan 7 Inch Touch Screen Car Stereo with Bluetooth Compatiable with Android Auto Car Play,3.7,$63.99,https://www.amazon.com/sspa/click?ie=UTF8&spc=MTo0ODM2MjMwNzYyMjAyNjQ3OjE2OTY5NzUyMDg6c3BfbXRmOjIwMDA5NzcyMTQ3MTA5ODo6MDo6&url=%2FDouble-Din-Stereo-Audio-Receiver%2Fdp%2FB08QYYZFLD%2Fref%3Dsr_1_12_sspa%3Fc%3Dts%26keywords%3DVehicle%2BElectronics%26qid%3D1696975208%26s%3Delectronics%26sr%3D1-12-spons%26ts_id%3D3248684011%26sp_csd%3Dd2lkZ2V0TmFtZT1zcF9tdGY%26psc%3D1
"MEMOFO Wireless Car Charger, 15W Fast Wireless Charger for car Auto-Clamping, fit for iPhone 15 14 13 12 11 Pro Max Xs, Samsung Galaxy S23 Ultra S22 S21 S20, S10+ S9+ Note 9, etc",4.1,$21.49,https://www.amazon.comhttps://aax-us-iad.amazon.com/x/c/RHVFWzZzFWIqr_JaCSXSJmwAAAGLG5rAUAEAAAH2AQBvbm9fdHhuX2JpZDEgICBvbm9fdHhuX2ltcDEgICBU_1Fi/https://www.amazon.com/Wireless-Charger-Charging-Auto-Clamping-Pro/dp/B0B97SG4VM/ref=sxin_25_sbv_search_btf?c=ts&content-id=amzn1.sym.5795aee5-71f0-4369-b632-e8c78407f2cf%3Aamzn1.sym.5795aee5-71f0-4369-b632-e8c78407f2cf&cv_ct_cx=Vehicle+Electronics&keywords=Vehicle+Electronics&pd_rd_i=B0B97SG4VM&pd_rd_r=f5c2fd78-cab1-488a-ba2a-9ee801616727&pd_rd_w=AmcjQ&pd_rd_wg=R2QU0&pf_rd_p=5795aee5-71f0-4369-b632-e8c78407f2cf&pf_rd_r=W0H5A1AFF604DZV08HG2&qid=1696975208&s=electronics&sbo=9ZOMT9Jm0JH%2Ft%2BWi68iDSA%3D%3D&sr=1-1-5190daf0-67e3-427c-bea6-c72c1df98776&ts_id=3248684011
"Wireless Car Charger, JOYMASS 15W Fast Charging Auto Clamping Car Charger Cell Phone Holder Mount Vent for iPhone 15 14 13 12 Mini Pro Max 11 XR XS X, Samsung Galaxy S23 Ultra S22 S21+ Note 20, etc",4.8,$21.59,https://www.amazon.com/Wireless-Charger-JOYMASS-Charging-Clamping/dp/B0C7RGVCCN/ref=sr_1_13?c=ts&keywords=Vehicle+Electronics&qid=1696975208&s=electronics&sr=1-13&ts_id=3248684011
"Pioneer DMH-1770NEX 6.8"" Bluetooth, Android Auto, Apple CarPlay, SiriusXM-Ready – Multimedia Digital Media Receiver,Black",4.0,$249.99,https://www.amazon.com/Pioneer-DMH-1770NEX-Bluetooth-Android-SiriusXM-Ready/dp/B099TP7QZN/ref=sr_1_14?c=ts&keywords=Vehicle+Electronics&qid=1696975208&s=electronics&sr=1-14&ts_id=3248684011
Jensen MPR2121 | 12 Character LCD Single DIN Car Stereo Receiver | RGB Custom Colors | Push to Talk Assistant | Bluetooth Hands Free Calling & Music Streaming | AM/FM Radio | USB Playback & Charging,4.2,$50.99,https://www.amazon.com/Jensen-Character-Assistant-Bluetooth-Streaming/dp/B09MR9XHJC/ref=sr_1_15?c=ts&keywords=Vehicle+Electronics&qid=1696975208&s=electronics&sr=1-15&ts_id=3248684011
"LAMTTO 9 Inch Wireless Car Stereo with Apple Carplay,Portable Touch Screen GPS Navigation for Car,Car Audio Receivers with Bluetooth,Android Auto,Airplay,AUX/FM,Screen for All Vehicles",4.4,$109.99,https://www.amazon.com/LAMTTO-Wireless-Carplay-Portable-Navigation/dp/B0CDWF6Q9J/ref=sr_1_16?c=ts&keywords=Vehicle+Electronics&qid=1696975208&s=electronics&sr=1-16&ts_id=3248684011
"Solar Wireless Backup Camera with 7"" Monitor System, 1080P 6600 Rechargeable Battery Trailer Hitch Rear View Camera with 5Mins Installation, Split Screen Back Up Camera for Truck, RV (AUTO-VOX Solar4)",4.5,$199.99,https://www.amazon.com/sspa/click?ie=UTF8&spc=MTo0ODM2MjMwNzYyMjAyNjQ3OjE2OTY5NzUyMDg6c3BfbXRmOjMwMDA2NTk0NTIwMDYwMjo6MDo6&url=%2FAUTO-VOX-Wireless-Rechargeable-High-Speed-Observation%2Fdp%2FB09Z641NXZ%2Fref%3Dsr_1_17_sspa%3Fc%3Dts%26keywords%3DVehicle%2BElectronics%26qid%3D1696975208%26s%3Delectronics%26sr%3D1-17-spons%26ts_id%3D3248684011%26sp_csd%3Dd2lkZ2V0TmFtZT1zcF9tdGY%26psc%3D1
"LOTUNY Universal Phone Mount for Car, [Military-Grade Reliable Suction] Hands-Free Car Phone Holder Mount, Automobile Cell Phone Holder Car for Dashboard Windshield Vent Fit for All Smartphones",4.2,$10.39,https://www.amazon.com/LOTUNY-Military-Grade-Hands-Free-Automobile-Smartphones/dp/B0BZVDQX2Z/ref=sr_1_18?c=ts&keywords=Vehicle+Electronics&qid=1696975208&s=electronics&sr=1-18&ts_id=3248684011
Phone Holder Car [Military-Grade Suction] Universal Car Phone Holder Mount [Thick Case Friendly] Automobile Accessories Dashboard Windshield Phone Mount Cradles Fit for All iPhone Android Smartphones,4.9,$9.99,https://www.amazon.com/Military-Grade-Automobile-Accessories-Windshield-Smartphones/dp/B0CBK2D9WH/ref=sr_1_19?c=ts&keywords=Vehicle+Electronics&qid=1696975208&s=electronics&sr=1-19&ts_id=3248684011
"Car Accessories for Men, Fun Car Finger Light with Remote - Give The Love & Bird & Wave to Drivers - Ideal Gifted Car Accessories, Truck Accessories, Car Gadgets & Road Rage Signs for Men and Women",4.5,$34.97,https://www.amazon.com/Car-Accessories-Finger-Light-Remote/dp/B0BD228JJ6/ref=sr_1_20?c=ts&keywords=Vehicle+Electronics&qid=1696975208&s=electronics&sr=1-20&ts_id=3248684011
"Linsaner Compatible with AirTag Case Keychain Air Tag Holder Silicone AirTags Key Ring Cases Tags Chain Apple AirTag GPS Item Finders Accessories, Lilac",4.7,$5.99,https://www.amazon.com/Linsaner-Compatible-Keychain-Silicone-Accessories/dp/B0CFTXTJCM/ref=sr_1_21?c=ts&keywords=Vehicle+Electronics&qid=1696975208&s=electronics&sr=1-21&ts_id=3248684011
"IMDEN Bluetooth 5.0 FM Transmitter for Car, 3.0 Wireless Bluetooth FM Radio Adapter Music Player FM Transmitter/Car Kit with Hands-Free Calling and 2 USB Ports Charger Support USB Drive",4.3,$14.24,https://www.amazon.com/sspa/click?ie=UTF8&spc=MTo0ODM2MjMwNzYyMjAyNjQ3OjE2OTY5NzUyMDg6c3BfYnRmOjIwMDA0OTQ5OTYzNTA5ODo6MDo6&url=%2FIMDEN-bluetooth-transmitter-Wireless-Hands-Free%2Fdp%2FB07F2RTN5Z%2Fref%3Dsr_1_22_sspa%3Fc%3Dts%26keywords%3DVehicle%2BElectronics%26qid%3D1696975208%26s%3Delectronics%26sr%3D1-22-spons%26ts_id%3D3248684011%26sp_csd%3Dd2lkZ2V0TmFtZT1zcF9idGY%26psc%3D1
"Wireless Car Charger, ZEEHOO DUOXX Dual Coils 15W Fast Charging Auto-Clamping Car Mount, Dashboard, Vent Charging Phone Holder Smart Sensor Cradle for iPhone 15 14 13 12, S23 Ultra, Z Flip4 3, etc",4.5,$30.39,https://www.amazon.com/sspa/click?ie=UTF8&spc=MTo0ODM2MjMwNzYyMjAyNjQ3OjE2OTY5NzUyMDg6c3BfYnRmOjIwMDE3NTU0NjUxMDM5ODo6MDo6&url=%2FWireless-ZEEHOO-Charging-Auto-Clamping-Dashboard%2Fdp%2FB0BN81T6Q2%2Fref%3Dsr_1_23_sspa%3Fc%3Dts%26keywords%3DVehicle%2BElectronics%26qid%3D1696975208%26s%3Delectronics%26sr%3D1-23-spons%26ts_id%3D3248684011%26sp_csd%3Dd2lkZ2V0TmFtZT1zcF9idGY%26psc%3D1
"JOYROOM Fits MagSafe Car Mount for iPhone 15 Pro Max, All-Metal Magnetic Phone Holder for Car, [Strong Magnets] Folding iPhone Car Holder for Dashboard Fit for iPhone 15 14 13 12 Pro Max Plus",,$27.18,https://www.amazon.com/JOYROOM-MagSafe-All-Metal-Magnetic-Dashboard/dp/B0CGB1S38L/ref=sr_1_24?c=ts&keywords=Vehicle+Electronics&qid=1696975208&s=electronics&sr=1-24&ts_id=3248684011
"【2-PACK】Magnetic phone holder for car, [ Super Strong Magnet ] [ with 4 Metal Plate ] iPhone Magnetic car mount for cell phone, [ 360° Rotation ] Universal Dashboard car Mount Fits All Smartphones",4.3,$15.99,https://www.amazon.com/%E3%80%902-PACK%E3%80%91Magnetic-Magnetic-Universal-Dashboard-Smartphones/dp/B0C18DNH55/ref=sr_1_25?c=ts&keywords=Vehicle+Electronics&qid=1696975208&s=electronics&sr=1-25&ts_id=3248684011
"Miracase Universal Cup Phone Holder for Car, [Upgraded Version] Adjustable Long Neck Car Cup Holder Phone Mount Cradle Friendly Compatible with iPhone Samsung Google and All Smartphones, Silver",4.6,$25.49,https://www.amazon.com/Miracase-Universal-Adjustable-Compatible-Smartphones/dp/B0CBJM9KC9/ref=sr_1_26?c=ts&keywords=Vehicle+Electronics&qid=1696975208&s=electronics&sr=1-26&ts_id=3248684011
"SUUSON Car Phone Holder Mount【Upgraded】-【Bumpy Roads Friendly】 Phone Mount for Car Dashboard Windshield Air Vent 3 in 1,Hand Free Mount for iPhone 15 14 13 Pro Max Samsung All Cell Phones (Black)",4.0,$13.59,https://www.amazon.com/SUUSON-Mount%E3%80%90Upgraded%E3%80%91-%E3%80%90Bumpy-Friendly%E3%80%91-Dashboard-Windshield/dp/B0CH14PBX9/ref=sr_1_27?c=ts&keywords=Vehicle+Electronics&qid=1696975208&s=electronics&sr=1-27&ts_id=3248684011
"4 in 1 Retractable Car Charger,Car Fast Charger with iPhone and Type C Cable and 2 Charging Ports,Compatible with iPhone 14 Pro Max/13/12/11/iPad, Galaxy S23/S22/S10, Google",4.5,$27.99,https://www.amazon.com/Retractable-Charger-iPhone-Charging-Compatible/dp/B0CGQPSWWB/ref=sr_1_28?c=ts&keywords=Vehicle+Electronics&qid=1696975208&s=electronics&sr=1-28&ts_id=3248684011
"OLTEANP 150W Power Inverter for Car, 12V DC to 110V AC Car Plug Adapter Outlet Converter with AC Outlet, USB Port, Type-C Port for Laptop Computer, Phone, Vehicles, Truck",,$16.95,https://www.amazon.com/OLTEANP-Inverter-Converter-Computer-Vehicles/dp/B0CGZ1K9M8/ref=sr_1_29?c=ts&keywords=Vehicle+Electronics&qid=1696975208&s=electronics&sr=1-29&ts_id=3248684011
"Dash Camera for Cars,1080P Full HD 3 Channel Dash Cam Front and Rear Inside, Dashcam with Night Vision with Free 32GB SD Card,Built-in 2.0'' IPS Screen,WDR,G-Sensor,24H Parking Mode",4.4,$49.99,https://www.amazon.com/Camera-Channel-Dashcam-G-Sensor-Parking/dp/B0CGF4LVBV/ref=sr_1_30?c=ts&keywords=Vehicle+Electronics&qid=1696975208&s=electronics&sr=1-30&ts_id=3248684011
"MEMOFO Wireless Car Charger, 15W Fast Wireless Charger for car Auto-Clamping, fit for iPhone 15 14 13 12 11 Pro Max Xs, Samsung Galaxy S23 Ultra S22 S21 S20, S10+ S9+ Note 9, etc",4.1,$21.49,https://www.amazon.comhttps://aax-us-iad.amazon.com/x/c/RIUSJv04IcDQFbL3T27BEW8AAAGLG5rAYAEAAAH2AQBvbm9fdHhuX2JpZDQgICBvbm9fdHhuX2ltcDEgICBwBPOL/https://www.amazon.com/Wireless-Charger-Charging-Auto-Clamping-Pro/dp/B0B97SG4VM/ref=sxbs_sbv_search_btf?c=ts&content-id=amzn1.sym.f15d2f09-357d-4995-986d-e924fbe183e3%3Aamzn1.sym.f15d2f09-357d-4995-986d-e924fbe183e3&cv_ct_cx=Vehicle+Electronics&keywords=Vehicle+Electronics&pd_rd_i=B0B97SG4VM&pd_rd_r=31ded4e6-3eb6-4467-91cc-0b7646825846&pd_rd_w=HYutt&pd_rd_wg=Tr2YD&pf_rd_p=f15d2f09-357d-4995-986d-e924fbe183e3&pf_rd_r=W0H5A1AFF604DZV08HG2&qid=1696975208&s=electronics&sbo=9ZOMT9Jm0JH%2Ft%2BWi68iDSA%3D%3D&sr=1-1-a61ee601-6e56-4862-a8a2-1d3da5a5406f&ts_id=3248684011
"Bose A20 Aviation Headset with Bluetooth 6-Pin Plug Cable, Black",4.8,"$1,195.00",https://www.amazon.com/sspa/click?ie=UTF8&spc=MToxNTE1NDMyNTMyNzQ3NjQ3OjE2OTY5NzUzNzM6c3BfYXRmOjMwMDA0NzU5MDQwNTAwMjo6MDo6&url=%2FBose-Aviation-Headset-Bluetooth-6-Pin%2Fdp%2FB010FTYJ9S%2Fref%3Dsr_1_1_sspa%3Fc%3Dts%26keywords%3DElectronic%2BEquipment%2BWarranties%26qid%3D1696975372%26s%3Delectronics%26sr%3D1-1-spons%26ts_id%3D2242348011%26sp_csd%3Dd2lkZ2V0TmFtZT1zcF9hdGY%26psc%3D1
Hantek DSO2C15 Digital Storage Oscilloscope 150MHz Bandwidth 2CH Dual Channel 1GSa/s 8M Memory Depth,3.7,$224.99,https://www.amazon.com/sspa/click?ie=UTF8&spc=MToxNTE1NDMyNTMyNzQ3NjQ3OjE2OTY5NzUzNzM6c3BfYXRmOjIwMDA0ODEzODY4MDU5ODo6MDo6&url=%2FHantek-DSO2C15-Digital-Oscilloscope-Bandwidth%2Fdp%2FB08Y6M9TML%2Fref%3Dsr_1_2_sspa%3Fc%3Dts%26keywords%3DElectronic%2BEquipment%2BWarranties%26qid%3D1696975372%26s%3Delectronics%26sr%3D1-2-spons%26ts_id%3D2242348011%26sp_csd%3Dd2lkZ2V0TmFtZT1zcF9hdGY%26psc%3D1
ASURION 2 Year Electronics Protection Plan ($150 - $174.99),4.4,$18.99,https://www.amazon.com/ASURION-Electronics-Protection-Support-150-174-99/dp/B07P6YX8SQ/ref=sr_1_3?c=ts&keywords=Electronic+Equipment+Warranties&qid=1696975372&s=electronics&sr=1-3&ts_id=2242348011
ASURION 3 Year Auto Accessories Protection Plan ($60 - $69.99),5.0,$8.99,https://www.amazon.com/ASURION-Year-Auto-Accessories-Protection/dp/B0C4G1S4TW/ref=sr_1_4?c=ts&keywords=Electronic+Equipment+Warranties&qid=1696975372&s=electronics&sr=1-4&ts_id=2242348011
ASURION 3 Year Electronics Protection Plan ($250 - $299.99),4.5,$36.99,https://www.amazon.com/ASURION-Electronics-Protection-Support-250-299-99/dp/B07PC1TGQJ/ref=sr_1_5?c=ts&keywords=Electronic+Equipment+Warranties&qid=1696975372&s=electronics&sr=1-5&ts_id=2242348011
ASURION 2 Year Electronics Protection Plan ($250 - $299.99),4.4,$26.99,https://www.amazon.com/ASURION-Electronics-Protection-Support-250-299-99/dp/B07PBD3VLH/ref=sr_1_7?c=ts&keywords=Electronic+Equipment+Warranties&qid=1696975372&s=electronics&sr=1-7&ts_id=2242348011
ASURION 3 Year Electronics Protection Plan ($450 - $499.99),4.5,$60.99,https://www.amazon.com/ASURION-Electronics-Protection-Support-450-499-99/dp/B07P6YXM6X/ref=sr_1_8?c=ts&keywords=Electronic+Equipment+Warranties&qid=1696975372&s=electronics&sr=1-8&ts_id=2242348011
ASURION 3 Year Electronics Protection Plan ($60 - $69.99),4.3,$8.99,https://www.amazon.com/ASURION-Electronics-Protection-Support-60-69-99/dp/B08L3Y4D5L/ref=sr_1_9?c=ts&keywords=Electronic+Equipment+Warranties&qid=1696975372&s=electronics&sr=1-9&ts_id=2242348011
ASURION 4 Year Office Equipment Protection Plan ($250 - $299.99),4.5,$47.99,https://www.amazon.com/ASURION-Equipment-Protection-Support-250-299-99/dp/B07PC2L5VM/ref=sr_1_10?c=ts&keywords=Electronic+Equipment+Warranties&qid=1696975372&s=electronics&sr=1-10&ts_id=2242348011
ASURION 3 Year Electronics Protection Plan ($350 - $399.99),4.5,$48.99,https://www.amazon.com/ASURION-Electronics-Protection-Support-350-399-99/dp/B07PBYLYDK/ref=sr_1_11?c=ts&keywords=Electronic+Equipment+Warranties&qid=1696975372&s=electronics&sr=1-11&ts_id=2242348011
"NP NP4-4Ah(F1 4 Pcs) 4V 4Ah Electronic Scale, Attendance machine, Security Alarm system, Instrument",4.6,$58.99,https://www.amazon.com/sspa/click?ie=UTF8&spc=MToxNTE1NDMyNTMyNzQ3NjQ3OjE2OTY5NzUzNzM6c3BfbXRmOjMwMDAyMTE4NDA5ODcwMjo6MDo6&url=%2FNPPower-NP4-4Ah-Sealed-Battery-Terminals%2Fdp%2FB077BFS1K9%2Fref%3Dsr_1_12_sspa%3Fc%3Dts%26keywords%3DElectronic%2BEquipment%2BWarranties%26qid%3D1696975372%26s%3Delectronics%26sr%3D1-12-spons%26ts_id%3D2242348011%26sp_csd%3Dd2lkZ2V0TmFtZT1zcF9tdGY%26psc%3D1
ASURION 2 Year Portable Electronic Accident Protection Plan ($60 - $69.99),4.4,$6.99,https://www.amazon.com/ASURION-Portable-Electronic-Accident-Protection/dp/B07NTRWJRL/ref=sr_1_13?c=ts&keywords=Electronic+Equipment+Warranties&qid=1696975372&s=electronics&sr=1-13&ts_id=2242348011
ASURION 4 Year Office Equipment Protection Plan ($30 - $39.99),4.6,$7.99,https://www.amazon.com/ASURION-Equipment-Protection-Support-30-39-99/dp/B08L3TFCKJ/ref=sr_1_14?c=ts&keywords=Electronic+Equipment+Warranties&qid=1696975372&s=electronics&sr=1-14&ts_id=2242348011
ASURION 3 Year Electronics Protection Plan ($50 - $59.99),4.5,$7.99,https://www.amazon.com/ASURION-Electronics-Protection-Support-50-59-99/dp/B07Q46ZLWS/ref=sr_1_15?c=ts&keywords=Electronic+Equipment+Warranties&qid=1696975372&s=electronics&sr=1-15&ts_id=2242348011
ASURION 2 Year Electronics Protection Plan ($100 - $124.99),4.4,$15.99,https://www.amazon.com/ASURION-Electronics-Protection-Support-100-124-99/dp/B07PBZXH66/ref=sr_1_16?c=ts&keywords=Electronic+Equipment+Warranties&qid=1696975372&s=electronics&sr=1-16&ts_id=2242348011
Hantek DSO2D15 Digital Storage Lab Oscilloscopes150MHz Bandwidth 2CH Dual Channel 1GSa/s 8M Memory Depth with 1CH Waveform Generator,4.5,$241.99,https://www.amazon.com/sspa/click?ie=UTF8&spc=MToxNTE1NDMyNTMyNzQ3NjQ3OjE2OTY5NzUzNzM6c3BfbXRmOjIwMDA0ODEyODgyMzA5ODo6MDo6&url=%2FHantek-Oscilloscopes150MHz-Bandwidth-Waveform-Generator%2Fdp%2FB08Y6KVMSV%2Fref%3Dsr_1_17_sspa%3Fc%3Dts%26keywords%3DElectronic%2BEquipment%2BWarranties%26qid%3D1696975372%26s%3Delectronics%26sr%3D1-17-spons%26ts_id%3D2242348011%26sp_csd%3Dd2lkZ2V0TmFtZT1zcF9tdGY%26psc%3D1
Allstate B2B 3-Year Portable Electronics Accidental Protection Plan ($100-124.99),4.3,$14.99,https://www.amazon.com/SquareTrade-Electronics-Accidental-Protection-100-124-99/dp/B072MPKXSY/ref=sr_1_18?c=ts&keywords=Electronic+Equipment+Warranties&qid=1696975372&s=electronics&sr=1-18&ts_id=2242348011
ASURION 3 Year Electronics Protection Plan ($125 - $149.99),4.5,$23.99,https://www.amazon.com/ASURION-Electronics-Protection-Support-125-149-99/dp/B07PC66X77/ref=sr_1_19?c=ts&keywords=Electronic+Equipment+Warranties&qid=1696975372&s=electronics&sr=1-19&ts_id=2242348011
ASURION 2 Year Portable Electronic Accident Protection Plan ($70 - $79.99),4.4,$7.99,https://www.amazon.com/ASURION-Portable-Electronic-Accident-Protection/dp/B07Q4786ZX/ref=sr_1_20?c=ts&keywords=Electronic+Equipment+Warranties&qid=1696975372&s=electronics&sr=1-20&ts_id=2242348011
ASURION 3 Year Portable Electronic Accident Protection Plan ($30 - $39.99),4.4,$5.99,https://www.amazon.com/ASURION-Portable-Electronic-Accident-Protection/dp/B082TR27NZ/ref=sr_1_21?c=ts&keywords=Electronic+Equipment+Warranties&qid=1696975372&s=electronics&sr=1-21&ts_id=2242348011
Hantek 2C42 Handheld Oscilloscope Multimeter 2 in 1 Multifunction Tester 2CH+DMM 40MHz,4.5,$116.99,https://www.amazon.com/sspa/click?ie=UTF8&spc=MToxNTE1NDMyNTMyNzQ3NjQ3OjE2OTY5NzUzNzM6c3BfYnRmOjIwMDA0ODEwNTgyNDA5ODo6MDo6&url=%2FHantek-Handheld-Oscilloscope-Multimeter-Multifunction%2Fdp%2FB07PWZV4XJ%2Fref%3Dsr_1_22_sspa%3Fc%3Dts%26keywords%3DElectronic%2BEquipment%2BWarranties%26qid%3D1696975372%26s%3Delectronics%26sr%3D1-22-spons%26ts_id%3D2242348011%26sp_csd%3Dd2lkZ2V0TmFtZT1zcF9idGY%26psc%3D1
"Laser Tek Services Compatible High Yield Toner Cartridge Replacement for HP 27X C4127X Works with HP Laserjet 4000 4000n 4000se 4050 4050n Printers (Black, 1 Pack) - 10,000 Pages",4.0,$77.99,https://www.amazon.com/sspa/click?ie=UTF8&spc=MToxNTE1NDMyNTMyNzQ3NjQ3OjE2OTY5NzUzNzM6c3BfYnRmOjMwMDAyMDEzMzUyMDUwMjo6MDo6&url=%2FLaser-Tek-Services-Compatible-Replacement%2Fdp%2FB00O174LEY%2Fref%3Dsr_1_23_sspa%3Fc%3Dts%26keywords%3DElectronic%2BEquipment%2BWarranties%26qid%3D1696975372%26s%3Delectronics%26sr%3D1-23-spons%26ts_id%3D2242348011%26sp_csd%3Dd2lkZ2V0TmFtZT1zcF9idGY%26psc%3D1
ASURION 3 Year Electronics Protection Plan ($40 - $49.99),4.5,$6.99,https://www.amazon.com/ASURION-Electronics-Protection-Support-40-49-99/dp/B07Q465CFL/ref=sr_1_24?c=ts&keywords=Electronic+Equipment+Warranties&qid=1696975372&s=electronics&sr=1-24&ts_id=2242348011
ASURION 2 Year Electronics Protection Plan ($1250 - $1499.99),4.6,$99.99,https://www.amazon.com/ASURION-Electronics-Protection-Support-1250-1499-99/dp/B08F7YHLC2/ref=sr_1_25?c=ts&keywords=Electronic+Equipment+Warranties&qid=1696975372&s=electronics&sr=1-25&ts_id=2242348011
ASURION 3 Year Electronics Protection Plan ($300 - $349.99),4.5,$39.99,https://www.amazon.com/ASURION-Electronics-Protection-Support-300-349-99/dp/B07P61QJWP/ref=sr_1_26?c=ts&keywords=Electronic+Equipment+Warranties&qid=1696975372&s=electronics&sr=1-26&ts_id=2242348011
ASURION 3 Year Electronics Protection Plan ($90 - $99.99),4.5,$13.49,https://www.amazon.com/ASURION-Electronics-Protection-Support-90-99-99/dp/B07Q58H92N/ref=sr_1_27?c=ts&keywords=Electronic+Equipment+Warranties&qid=1696975372&s=electronics&sr=1-27&ts_id=2242348011
ASURION 2 Year Portable Electronic Accident Protection Plan ($300 - $349.99),4.5,$30.99,https://www.amazon.com/ASURION-Portable-Electronic-Protection-300-349-99/dp/B07PC3VJK2/ref=sr_1_28?c=ts&keywords=Electronic+Equipment+Warranties&qid=1696975372&s=electronics&sr=1-28&ts_id=2242348011
ASURION 3 Year Home Improvement Protection Plan ($30 - $39.99),4.4,$5.99,https://www.amazon.com/ASURION-Year-Improvement-Protection-30-39-99/dp/B07QC4XL1V/ref=sr_1_29?c=ts&keywords=Electronic+Equipment+Warranties&qid=1696975372&s=electronics&sr=1-29&ts_id=2242348011
ASURION 3 Year Electronics Protection Plan ($200 - $249.99),4.5,$33.99,https://www.amazon.com/ASURION-Electronics-Protection-Support-200-249-99/dp/B07PBCYHYH/ref=sr_1_30?c=ts&keywords=Electronic+Equipment+Warranties&qid=1696975372&s=electronics&sr=1-30&ts_id=2242348011
"KAXYUYA Anti Spy Detector, Hidden Camera Detector, Bug detectors, Bug Scanner Detector GPS Tracker Detector Finder Listening Device Detector Spy Camera Finder for GPS Camera Recording Device",3.0,$179.00,https://www.amazon.com/sspa/click?ie=UTF8&spc=MTo0Mzc1ODUyMDUyNzkwNjQ3OjE2OTY5NzU0ODE6c3BfYXRmOjMwMDA0MjM3NTE5OTMwMjo6MDo6&url=%2FKAXYUYA-Detector-detectors-Listening-Recording%2Fdp%2FB0BHY1LNJF%2Fref%3Dsr_1_1_sspa%3Fc%3Dts%26keywords%3DGPS%252C%2BFinders%2B%2526%2BAccessories%26qid%3D1696975481%26s%3Dgps%26sr%3D1-1-spons%26ts_id%3D172526%26sp_csd%3Dd2lkZ2V0TmFtZT1zcF9hdGY%26psc%3D1
Apple AirTag 4 Pack,4.8,$88.99,https://www.amazon.com/Apple-MX542AM-A-AirTag-Pack/dp/B0932QJ2JZ/ref=sr_1_2?c=ts&keywords=GPS%2C+Finders+%26+Accessories&qid=1696975481&s=gps&sr=1-2&ts_id=172526
"Garmin 010-02036-06 Drive 52, GPS Navigator with 5” Display, Simple On-Screen Menus and Easy-to-See Maps",4.4,$99.99,https://www.amazon.com/Garmin-010-02036-06-Navigator-Display-Screen/dp/B07MMZNLHG/ref=sr_1_3?c=ts&keywords=GPS%2C+Finders+%26+Accessories&qid=1696975481&s=gps&sr=1-3&ts_id=172526
"Tile Mate 1-Pack. Black. Bluetooth Tracker, Keys Finder and Item Locator for Keys, Bags and More; Up to 250 ft. Range. Water-Resistant. Phone Finder. iOS and Android Compatible.",4.5,$21.99,https://www.amazon.com/Tile-Bluetooth-Battery-Water-Resistant-Compatible/dp/B09998MBFM/ref=sr_1_4?c=ts&keywords=GPS%2C+Finders+%26+Accessories&qid=1696975481&s=gps&sr=1-4&ts_id=172526
"Garmin Approach S70, 47mm, Premium GPS Golf Watch, Black",4.5,$699.99,https://www.amazon.comhttps://aax-us-iad.amazon.com/x/c/RNVyO9eMqFYQ36Hyw4YdtZgAAAGLG57sPAEAAAH2AQBvbm9fdHhuX2JpZDYgICBvbm9fdHhuX2ltcDEgICDvLjPZ/https://www.amazon.com/Garmin-Approach-Premium-Watch-Black/dp/B0BYFBRMWP/ref=sxin_16_sbv_search_btf?c=ts&content-id=amzn1.sym.5795aee5-71f0-4369-b632-e8c78407f2cf%3Aamzn1.sym.5795aee5-71f0-4369-b632-e8c78407f2cf&cv_ct_cx=GPS%2C+Finders+%26+Accessories&keywords=GPS%2C+Finders+%26+Accessories&pd_rd_i=B0BYFBRMWP&pd_rd_r=956ce59a-8910-491c-835a-5f7288e27a5c&pd_rd_w=GAIG6&pd_rd_wg=jaKOa&pf_rd_p=5795aee5-71f0-4369-b632-e8c78407f2cf&pf_rd_r=TJ7YYQQ9DYBGSAD4GTNX&qid=1696975481&s=gps&sbo=RZvfv%2F%2FHxDF%2BO5021pAnSA%3D%3D&sr=1-1-5190daf0-67e3-427c-bea6-c72c1df98776&ts_id=172526
"Garmin Drive™ 53 GPS Navigator, High-Resolution Touchscreen, Simple On-Screen Menus and Easy-to-See Maps, Driver Alerts",4.2,$149.99,https://www.amazon.com/Garmin-DriveTM-Navigator-High-Resolution-Touchscreen/dp/B0BSVQ37CB/ref=sr_1_5?c=ts&keywords=GPS%2C+Finders+%26+Accessories&qid=1696975481&s=gps&sr=1-5&ts_id=172526
"Car GPS Navigation GPS Navigation for Truck & RV & Car, Driver Alerts, Turn-by-Turn Directions, 2023 Map with Free UpdateMap",3.6,$66.58,https://www.amazon.com/Navigation-Driver-Directions-Lifetime-UpdateMap/dp/B09PDFHBHF/ref=sr_1_6?c=ts&keywords=GPS%2C+Finders+%26+Accessories&qid=1696975481&s=gps&sr=1-6&ts_id=172526
Compatible with AirTag Case Keychain Air Tag Holder Silicone AirTags Key Ring Cases Tags Chain Apple GPS Item Finders Accessories 4 Pack,4.7,$8.97,https://www.amazon.com/Compatible-Keychain-Silicone-Protective-Accessories/dp/B09468VZ5W/ref=sr_1_7?c=ts&keywords=GPS%2C+Finders+%26+Accessories&qid=1696975481&s=gps&sr=1-7&ts_id=172526
Apple AirTag,4.7,$28.99,https://www.amazon.com/Apple-MX532AM-A-AirTag/dp/B0933BVK6T/ref=sr_1_8?c=ts&keywords=GPS%2C+Finders+%26+Accessories&qid=1696975481&s=gps&sr=1-8&ts_id=172526
"Linsaner Compatible with AirTag Case Keychain Air Tag Holder Silicone AirTags Key Ring Cases Tags Chain Apple AirTag GPS Item Finders Accessories, Lilac",4.7,$5.99,https://www.amazon.com/Linsaner-Compatible-Keychain-Silicone-Accessories/dp/B0CFTXTJCM/ref=sr_1_9?c=ts&keywords=GPS%2C+Finders+%26+Accessories&qid=1696975481&s=gps&sr=1-9&ts_id=172526
"Garmin dēzl™ OTR710, Large, Easy-to-Read 7” GPS Truck Navigator, Custom Truck Routing, High-Resolution Birdseye Satellite Imagery, Directory of Truck & Trailer Services",4.3,$420.00,https://www.amazon.com/Garmin-Navigator-High-Resolution-Satellite-Directory/dp/B09ZK3SF6V/ref=sr_1_10?c=ts&keywords=GPS%2C+Finders+%26+Accessories&qid=1696975481&s=gps&sr=1-10&ts_id=172526
"Golf Buddy Voice 2 Talking GPS Rangefinder, Long Lasting Battery Golf Distance Range Finder, Easy-to-use Golf Navigation for Hat",4.5,$94.99,https://www.amazon.com/Golf-Buddy-Voice-SE-Rangefinder/dp/B091KJK3G2/ref=sr_1_11?c=ts&keywords=GPS%2C+Finders+%26+Accessories&qid=1696975481&s=gps&sr=1-11&ts_id=172526
Garmin 010-00970-00 eTrex 10 Worldwide Handheld GPS Navigator,4.3,$95.04,https://www.amazon.com/Garmin-eTrex-Worldwide-Handheld-Navigator/dp/B00542NV32/ref=sr_1_12?c=ts&keywords=GPS%2C+Finders+%26+Accessories&qid=1696975481&s=gps&sr=1-12&ts_id=172526
"Prepared Hero Hero Privacy Pen Hidden Camera Detector, Anti Spy, GPS Tracker Detector, Portable RF Signal Finder for Airbnb, Hotels, Bathroom, Home, Office",3.2,$59.99,https://www.amazon.com/sspa/click?ie=UTF8&spc=MTo0Mzc1ODUyMDUyNzkwNjQ3OjE2OTY5NzU0ODE6c3BfbXRmOjMwMDAwODQzNjM2OTMwMjo6MDo6&url=%2FPrepared-Hero-Detector-Portable-Bathroom%2Fdp%2FB0C1KQJJZC%2Fref%3Dsr_1_13_sspa%3Fc%3Dts%26keywords%3DGPS%252C%2BFinders%2B%2526%2BAccessories%26qid%3D1696975481%26s%3Dgps%26sr%3D1-13-spons%26ts_id%3D172526%26sp_csd%3Dd2lkZ2V0TmFtZT1zcF9tdGY%26psc%3D1
Optimus GB100M GPS Tracker for Vehicles - Easy Installation on Car's Battery - Low Cost Subscription Plan Options,4.5,$39.95,https://www.amazon.com/sspa/click?ie=UTF8&spc=MTo0Mzc1ODUyMDUyNzkwNjQ3OjE2OTY5NzU0ODE6c3BfbXRmOjIwMDExMDczODE5NjI5ODo6MDo6&url=%2FOptimus-GB100M-4G-LTE-Install%2Fdp%2FB08SSWY8SH%2Fref%3Dsr_1_14_sspa%3Fc%3Dts%26keywords%3DGPS%252C%2BFinders%2B%2526%2BAccessories%26qid%3D1696975481%26s%3Dgps%26sr%3D1-14-spons%26ts_id%3D172526%26sp_csd%3Dd2lkZ2V0TmFtZT1zcF9tdGY%26psc%3D1
"KEULGOUL Bug Detector RF Detector Hidden Camera Detectors GPS Tracker Detector Anti Spy Detector Bug Sweeper Scanner Listening Device Detector Spy Camera Finder for for Hotel, Office, Car",5.0,$269.00,https://www.amazon.com/sspa/click?ie=UTF8&spc=MTo0Mzc1ODUyMDUyNzkwNjQ3OjE2OTY5NzU0ODE6c3BfbXRmOjMwMDAwNTE3MjUyMzgwMjo6MDo6&url=%2FKEULGOUL-Detector-Detectors-Tracker-Listening%2Fdp%2FB0C22X5MXT%2Fref%3Dsr_1_15_sspa%3Fc%3Dts%26keywords%3DGPS%252C%2BFinders%2B%2526%2BAccessories%26qid%3D1696975481%26s%3Dgps%26sr%3D1-15-spons%26ts_id%3D172526%26sp_csd%3Dd2lkZ2V0TmFtZT1zcF9tdGY%26psc%3D1
"Tile Mate Essentials 4-Pack (2 Mate, 1 Slim, 1 Stickers)- Bluetooth Tracker & Item Locators for Keys, Wallets, Remotes & More; Easily Find All Your Things.",4.5,$79.88,https://www.amazon.com/Tile-Essentials-Bluetooth-Trackers-Locators/dp/B09B2YYD7W/ref=sr_1_16?c=ts&keywords=GPS%2C+Finders+%26+Accessories&qid=1696975481&s=gps&sr=1-16&ts_id=172526
"Tile Pro 2-Pack (Black/White). Powerful Bluetooth Tracker, Keys Finder and Item Locator for Keys, Bags, and More; Up to 400 ft Range. Water-Resistant. Phone Finder. iOS and Android Compatible.",4.5,$41.99,https://www.amazon.com/Tile-Powerful-Bluetooth-Water-Resistant-Compatible/dp/B09B2WG9X9/ref=sr_1_17?c=ts&keywords=GPS%2C+Finders+%26+Accessories&qid=1696975481&s=gps&sr=1-17&ts_id=172526
"Tile Sticker 1-Pack. Small Bluetooth Tracker, Remote Finder and Item Locator, Pets and More; Up to 250 ft. Range. Water-Resistant. Phone Finder. iOS and Android Compatible, Black",4.2,$29.79,https://www.amazon.com/Tile-Sticker-Bluetooth-Water-Resistant-Compatible/dp/B09B2VCDHQ/ref=sr_1_18?c=ts&keywords=GPS%2C+Finders+%26+Accessories&qid=1696975481&s=gps&sr=1-18&ts_id=172526
"Coredy Bluetooth Tracker Tag, Works with Apple Find My (iOS Only), Key Finder and Item Locator with Electronics Light Indicator, Global Signal Source GPS Finders for Luggage, Travel Essentials (LE01)",4.6,$9.99,https://www.amazon.com/Coredy-Bluetooth-Electronics-Indicator-Essentials/dp/B0CHP6YV4T/ref=sr_1_19?c=ts&keywords=GPS%2C+Finders+%26+Accessories&qid=1696975481&s=gps&sr=1-19&ts_id=172526
Wallet Finder RFID Blocking Card IP68 Item Tracker with Recharge Clip Works with Apple Find My APP & Network (iOS Only),4.1,$29.99,https://www.amazon.com/Wallet-Blocking-Tracker-Recharge-Network/dp/B0CBS83HHQ/ref=sr_1_20?c=ts&keywords=GPS%2C+Finders+%26+Accessories&qid=1696975481&s=gps&sr=1-20&ts_id=172526
"[2 Pack] Waterproof Tile Mate Holder for Kids, Soft Silicone Tile Mate Hidden Pin Holder for Kids Elder Clothing, Anti Lost Hidden Full Case Cover Compatible with Tile Mate 2022 (Black+Oatmeal)",4.0,$10.07,https://www.amazon.com/Waterproof-Silicone-Clothing-Compatible-Oatmeal/dp/B0CCRN6PJB/ref=sr_1_21?c=ts&keywords=GPS%2C+Finders+%26+Accessories&qid=1696975481&s=gps&sr=1-21&ts_id=172526
"Garmin Carrying Case, Standard Packaging",4.0,$19.99,https://www.amazon.com/Garmin-010-11273-00-Carrying-Case/dp/B001HX4AH8/ref=sr_1_22?c=ts&keywords=GPS%2C+Finders+%26+Accessories&qid=1696975481&s=gps&sr=1-22&ts_id=172526
"Portable GPS Tracking, Mobile Tracking, Smart Anti Loss Device, Key Finder Locator GPS Smart Finders Tracker Device for Kids Dog Pet Cat Wallet Keychain Luggage, Alarm Reminder, App Control (Black)",4.4,$9.99,https://www.amazon.com/Portable-Tracking-Locator-Keychain-Reminder/dp/B0CHM9LBFH/ref=sr_1_23?c=ts&keywords=GPS%2C+Finders+%26+Accessories&qid=1696975481&s=gps&sr=1-23&ts_id=172526
"MOLOVA 【4 Pack】 Waterproof Airtag Holder & Leather Air Tag Keychain, GPS Protective Case with Key Chain, Apple Airtags Cover Item Finders Accessories，Multi-Color",4.5,$5.59,https://www.amazon.com/MOLOVA-Waterproof-Keychain-Leather-Protective/dp/B0BVMFRRJN/ref=sr_1_24?c=ts&keywords=GPS%2C+Finders+%26+Accessories&qid=1696975481&s=gps&sr=1-24&ts_id=172526
"Tile Mate (2020) - Key Finder, Phone Finder, Anything Finder - 200 Ft. Item Locator - Non-Retail Packaging - 1 Pack",4.5,$19.95,https://www.amazon.com/Tile-Mate-Anything-Non-Retail-Packaging/dp/B0842C5XMN/ref=sr_1_25?c=ts&keywords=GPS%2C+Finders+%26+Accessories&qid=1696975481&s=gps&sr=1-25&ts_id=172526
"Tile Mate (2020) 1-pack - Bluetooth Tracker, Keys Finder and Item Locator for Keys, Bags and More; Water Resistant with 1 Year Replaceable Battery",4.6,$22.95,https://www.amazon.com/Tile-RE-19001-Mate-1-Pack/dp/B07W9BBCTB/ref=sr_1_26?c=ts&keywords=GPS%2C+Finders+%26+Accessories&qid=1696975481&s=gps&sr=1-26&ts_id=172526
ColorCoral Holder Case for AirTags Ultra Light Silicone Sleeve for AirTags Durable Anti-Scratch Protective Skin Cover with Anti-Losing Keychain Ring Accessory Compatible with Apple AirTags (Pink),4.7,$5.59,https://www.amazon.com/ColorCoral-Anti-Scratch-Protective-Anti-Losing-Compatible/dp/B094Y8DV49/ref=sr_1_27?c=ts&keywords=GPS%2C+Finders+%26+Accessories&qid=1696975481&s=gps&sr=1-27&ts_id=172526
"GPS Tracker for Vehicles, Mini Magnetic GPS Real time Car Locator, Full Global Coverage, No Monthly Fee, Long Standby GSM SIM GPS Tracker for Vehicle/Car/Person 2024 New Model",3.0,$26.99,https://www.amazon.com/Tracker-Vehicles-Magnetic-Locator-Coverage/dp/B0C14F3QD2/ref=sr_1_28?c=ts&keywords=GPS%2C+Finders+%26+Accessories&qid=1696975481&s=gps&sr=1-28&ts_id=172526
"KEULGOUL Anti Spy Detectors, Bug Detector, Hidden Camera Detector, GPS Tracker Detector RF Detector Bug Sweeper Finder Listening Device Detector for Spy Camera Finder",5.0,$219.00,https://www.amazon.com/sspa/click?ie=UTF8&spc=MTo0Mzc1ODUyMDUyNzkwNjQ3OjE2OTY5NzU0ODE6c3BfYnRmOjIwMDE2OTY4NjYyMjc5ODo6MDo6&url=%2FCamera-Detectors-Detector-Tracker-Listening%2Fdp%2FB0B6R3XW3V%2Fref%3Dsr_1_29_sspa%3Fc%3Dts%26keywords%3DGPS%252C%2BFinders%2B%2526%2BAccessories%26qid%3D1696975481%26s%3Dgps%26sr%3D1-29-spons%26ts_id%3D172526%26sp_csd%3Dd2lkZ2V0TmFtZT1zcF9idGY%26psc%3D1
"LAMTTO Wireless Apple Carplay Car Stereo with Car Bluetooth,Portable 7 Inch Apple Car Play Touch Screen Sync GPS Navigation for Car,Car Audio Receivers for Android Auto,Siri,FM,Screen for All Vehicle",4.0,$69.89,https://www.amazon.com/sspa/click?ie=UTF8&spc=MTo0Mzc1ODUyMDUyNzkwNjQ3OjE2OTY5NzU0ODE6c3BfYnRmOjMwMDA2MTE1NDEyNTcwMjo6MDo6&url=%2FWireless-Apple-Carplay-Navigation-Multimedia%2Fdp%2FB0BHKVT42S%2Fref%3Dsr_1_30_sspa%3Fc%3Dts%26keywords%3DGPS%252C%2BFinders%2B%2526%2BAccessories%26qid%3D1696975481%26s%3Dgps%26sr%3D1-30-spons%26ts_id%3D172526%26sp_csd%3Dd2lkZ2V0TmFtZT1zcF9idGY%26psc%3D1
"DriveSmart 65 6.95-Inch GPS Navigator with Bluetooth, Wi-Fi and Traffic Alerts (Renewed)",4.1,$149.99,https://www.amazon.com/sspa/click?ie=UTF8&spc=MTo0Mzc1ODUyMDUyNzkwNjQ3OjE2OTY5NzU0ODE6c3BfYnRmOjIwMDA2NjIxMjg3NTI5ODo6MDo6&url=%2FDriveSmart-6-95-Inch-Navigator-Bluetooth-Traffic%2Fdp%2FB083WK3J7H%2Fref%3Dsr_1_31_sspa%3Fc%3Dts%26keywords%3DGPS%252C%2BFinders%2B%2526%2BAccessories%26qid%3D1696975481%26s%3Dgps%26sr%3D1-31-spons%26ts_id%3D172526%26sp_csd%3Dd2lkZ2V0TmFtZT1zcF9idGY%26psc%3D1
"Remote Control Finder, Pack of 4 Find My Keys Device | Stick on Remote Finder Beeper, Tracker Tags for Car Keys and Phones | 120Ft Range 80dB RF Key Locator, Lost Key Finders That Make Noise",4.4,$15.97,https://www.amazon.com/sspa/click?ie=UTF8&spc=MTo0Mzc1ODUyMDUyNzkwNjQ3OjE2OTY5NzU0ODE6c3BfYnRmOjIwMDA3OTc4OTY1OTU5ODo6MDo6&url=%2FRemote-Control-Tracker-Locator-Finders%2Fdp%2FB0B1VWSWFN%2Fref%3Dsr_1_32_sspa%3Fc%3Dts%26keywords%3DGPS%252C%2BFinders%2B%2526%2BAccessories%26qid%3D1696975481%26s%3Dgps%26sr%3D1-32-spons%26ts_id%3D172526%26sp_csd%3Dd2lkZ2V0TmFtZT1zcF9idGY%26psc%3D1
"OHREX N800 GPS Navigation for Truck Car with Bluetooth,7 inch GPS for Truck Drivers Commercial,Trucker GPS Navigation Systems, Free Lifetime Map Updates",3.6,$69.99,https://www.amazon.com/sspa/click?ie=UTF8&spc=MTo0Mzc1ODUyMDUyNzkwNjQ3OjE2OTY5NzU0ODE6c3BfYnRmOjIwMDA1NzQ2MTgxNzQ5ODo6MDo6&url=%2FOHREX-Navigation-Bluetooth-Hands-Free-Commercial%2Fdp%2FB08S7HWX1H%2Fref%3Dsr_1_33_sspa%3Fc%3Dts%26keywords%3DGPS%252C%2BFinders%2B%2526%2BAccessories%26qid%3D1696975481%26s%3Dgps%26sr%3D1-33-spons%26ts_id%3D172526%26sp_csd%3Dd2lkZ2V0TmFtZT1zcF9idGY%26psc%3D1
